<xml xmlns:o="urn:schemas-microsoft-com:office:office">
 <o:MainFile HRef="../animakr.htm"/>
 <o:File HRef="image321.gif"/>
 <o:File HRef="image323.gif"/>
 <o:File HRef="image324.gif"/>
 <o:File HRef="image325.gif"/>
 <o:File HRef="image326.gif"/>
 <o:File HRef="image364.gif"/>
 <o:File HRef="image366.gif"/>
 <o:File HRef="image337.png"/>
 <o:File HRef="image3371.gif"/>
 <o:File HRef="image341.png"/>
 <o:File HRef="image3411.gif"/>
 <o:File HRef="Page380.htm"/>
 <o:File HRef="image383.gif"/>
 <o:File HRef="image385.gif"/>
 <o:File HRef="image386.gif"/>
 <o:File HRef="image389.gif"/>
 <o:File HRef="image417.wmz"/>
 <o:File HRef="image414.gif"/>
 <o:File HRef="image316.png"/>
 <o:File HRef="image3161.gif"/>
 <o:File HRef="Page470.htm"/>
 <o:File HRef="image474.gif"/>
 <o:File HRef="image479.gif"/>
 <o:File HRef="image492.gif"/>
 <o:File HRef="image521.gif"/>
 <o:File HRef="filelist.xml"/>
</xml>