<xml xmlns:o="urn:schemas-microsoft-com:office:office">
 <o:MainFile HRef="../Cod%20E%20Dit%20Help%20and%20How%20To.htm"/>
 <o:File HRef="image346.gif"/>
 <o:File HRef="image398.gif"/>
 <o:File HRef="image399.gif"/>
 <o:File HRef="image400.gif"/>
 <o:File HRef="image401.gif"/>
 <o:File HRef="image402.gif"/>
 <o:File HRef="image429.wmz"/>
 <o:File HRef="image426.gif"/>
 <o:File HRef="image444.gif"/>
 <o:File HRef="image445.gif"/>
 <o:File HRef="image446.png"/>
 <o:File HRef="image4461.gif"/>
 <o:File HRef="image448.png"/>
 <o:File HRef="image4481.gif"/>
 <o:File HRef="Page380.htm"/>
 <o:File HRef="image383.gif"/>
 <o:File HRef="image385.gif"/>
 <o:File HRef="image386.gif"/>
 <o:File HRef="image387.gif"/>
 <o:File HRef="image389.gif"/>
 <o:File HRef="image414.gif"/>
 <o:File HRef="image333.png"/>
 <o:File HRef="image3331.gif"/>
 <o:File HRef="Page470.htm"/>
 <o:File HRef="image479.gif"/>
 <o:File HRef="filelist.xml"/>
</xml>